{"dataset": "MIMIC-IV", "task": "abnormal_lab/vital/hypotension/first_24h", "model": "meds_tab/tiny", "timestamp": "2025-10-17T17:49:30.764782+00:00", "result": {"samples_equally_weighted": {"binary_accuracy": 0.7018957345971564, "f1_score": 0.4628522630230572, "roc_auc_score": 0.6602359957375578, "average_precision_score": 0.4860375369552467, "calibration_error": 0.03175147658126209}, "subjects_equally_weighted": {"binary_accuracy": 0.695079522862823, "f1_score": 0.46465968586387435, "roc_auc_score": 0.6585161439017746, "average_precision_score": 0.4956472277329945, "calibration_error": 0.023768208760321756}}, "version": "0.0.15.dev5+g14303bc87"}
