{"dataset": "MIMIC-IV", "task": "abnormal_lab/blood_chemistry/hyponatremia/first_24h", "model": "meds_tab/tiny", "timestamp": "2025-10-14T14:31:16.558058+00:00", "result": {"samples_equally_weighted": {"binary_accuracy": 0.9487880860117013, "f1_score": 0.0, "roc_auc_score": 0.5666847230318344, "average_precision_score": 0.06763770283169544, "calibration_error": 0.0022239763541326146}, "subjects_equally_weighted": {"binary_accuracy": 0.9354063107845256, "f1_score": 0.0, "roc_auc_score": 0.5482114004532641, "average_precision_score": 0.07921702002558109, "calibration_error": 0.010549300869048019}}, "version": "0.0.15.dev5+g14303bc87"}
