{"dataset": "MIMIC-IV", "task": "abnormal_lab/blood_chemistry/metabolic_acidosis/first_24h", "model": "meds_tab/tiny", "timestamp": "2025-10-14T14:36:40.589446+00:00", "result": {"samples_equally_weighted": {"binary_accuracy": 0.9378039655817434, "f1_score": 0.0, "roc_auc_score": 0.5778277597854216, "average_precision_score": 0.08544904900929233, "calibration_error": 0.010148847673914375}, "subjects_equally_weighted": {"binary_accuracy": 0.9209006928406467, "f1_score": 0.0, "roc_auc_score": 0.5684751595129345, "average_precision_score": 0.1026117131415239, "calibration_error": 0.025553198482434862}}, "version": "0.0.15.dev5+g14303bc87"}
