{"dataset": "MIMIC-IV", "task": "mortality/in_icu/first_24h", "model": "cehrbert", "timestamp": "2025-05-29T21:37:44.106896+00:00", "result": {"samples_equally_weighted": {"binary_accuracy": 0.9040139616055847, "f1_score": 0.26421404682274247, "roc_auc_score": 0.8312860099664622, "average_precision_score": 0.3305449736042535, "calibration_error": 0.06302244456424595}, "subjects_equally_weighted": {"binary_accuracy": 0.9006284916201117, "f1_score": 0.28456510809451985, "roc_auc_score": 0.844199916218049, "average_precision_score": 0.3591658854481979, "calibration_error": 0.04697160683215841}}, "version": "0.0.12.dev58+gd29f5f0"}
