{"dataset": "MIMIC-IV", "task": "abnormal_lab/blood_chemistry/elevated_creatinine/first_24h", "model": "meds_tab/tiny", "timestamp": "2025-10-13T21:28:02.878524+00:00", "result": {"samples_equally_weighted": {"binary_accuracy": 0.9824327921213735, "f1_score": 0.0, "roc_auc_score": 0.5665209652061115, "average_precision_score": 0.023097876464199738, "calibration_error": 0.0011943666190543552}, "subjects_equally_weighted": {"binary_accuracy": 0.9758338644571914, "f1_score": 0.0, "roc_auc_score": 0.5400297737422867, "average_precision_score": 0.029596157659965212, "calibration_error": 0.004683498836952276}}, "version": "0.0.15.dev5+g14303bc87"}
