{"dataset": "MIMIC-IV", "task": "abnormal_lab/cbc/leukocytosis/first_24h", "model": "meds_tab/tiny", "timestamp": "2025-10-17T17:49:30.757488+00:00", "result": {"samples_equally_weighted": {"binary_accuracy": 0.7671294223018361, "f1_score": 0.4594594594594595, "roc_auc_score": 0.7008130646721503, "average_precision_score": 0.44960365427791393, "calibration_error": 0.05629425175410835}, "subjects_equally_weighted": {"binary_accuracy": 0.7577257363592468, "f1_score": 0.4680625496952028, "roc_auc_score": 0.7016357084676135, "average_precision_score": 0.4653742326695002, "calibration_error": 0.041741944023627804}}, "version": "0.0.15.dev5+g14303bc87"}
