{"dataset": "MIMIC-IV", "task": "mortality/in_icu/first_24h", "model": "genhpf", "timestamp": "2025-05-30T03:47:07.739373+00:00", "result": {"samples_equally_weighted": {"binary_accuracy": 0.9153225806451613, "f1_score": 0.0, "roc_auc_score": 0.7588746707689442, "average_precision_score": 0.2325708162042379, "calibration_error": 0.13325460728806876}, "subjects_equally_weighted": {"binary_accuracy": 0.9049053356282272, "f1_score": 0.0, "roc_auc_score": 0.7691016711743405, "average_precision_score": 0.2709840455818753, "calibration_error": 0.11579184098787768}}, "version": "0.0.12.dev58+gd29f5f0"}
