{"dataset": "MIMIC-IV", "task": "mortality/in_icu/first_24h", "model": "meds_tab/tiny", "timestamp": "2025-05-29T20:35:35.270200+00:00", "result": {"samples_equally_weighted": {"binary_accuracy": 0.9077225130890052, "f1_score": 0.0, "roc_auc_score": 0.5867043008278493, "average_precision_score": 0.1196705272075548, "calibration_error": 0.007382331891609813}, "subjects_equally_weighted": {"binary_accuracy": 0.9015638089919017, "f1_score": 0.0, "roc_auc_score": 0.5844666352531805, "average_precision_score": 0.12720786313616217, "calibration_error": 0.0017290087741243729}}, "version": "0.0.12.dev58+gd29f5f0"}
