{"dataset": "MIMIC-IV", "task": "abnormal_lab/cbc/thrombocytopenia/first_24h", "model": "meds_tab/tiny", "timestamp": "2025-10-17T17:49:30.837534+00:00", "result": {"samples_equally_weighted": {"binary_accuracy": 0.949118972817921, "f1_score": 0.0, "roc_auc_score": 0.6104003423074749, "average_precision_score": 0.08198227549797027, "calibration_error": 0.0032489762527547032}, "subjects_equally_weighted": {"binary_accuracy": 0.9281747303214781, "f1_score": 0.0, "roc_auc_score": 0.5872569585769531, "average_precision_score": 0.10540333828822343, "calibration_error": 0.021180839709002468}}, "version": "0.0.15.dev5+g14303bc87"}
