{"dataset": "MIMIC-IV", "task": "readmission/general_hospital/30d", "model": "meds_tab/tiny", "timestamp": "2025-03-12T19:57:22.112322+00:00", "result": {"samples_equally_weighted": {"binary_accuracy": 0.7660049861235242, "f1_score": 0.0022063985558118545, "roc_auc_score": 0.6118795519702633, "average_precision_score": 0.3340908489984148, "calibration_error": 0.035882961371692806}, "subjects_equally_weighted": {"binary_accuracy": 0.881000618089417, "f1_score": 0.0011529038766392853, "roc_auc_score": 0.6179063054712708, "average_precision_score": 0.189569001254608, "calibration_error": 0.12521922414595493}}, "version": "0.0.12.dev58+gd29f5f0"}
