{"dataset": "MIMIC-IV", "task": "readmission/general_hospital/30d", "model": "cehrbert", "timestamp": "2025-03-08T14:08:19.713122+00:00", "result": {"samples_equally_weighted": {"binary_accuracy": 0.7947457547391693, "f1_score": 0.3078753271472758, "roc_auc_score": 0.7531767013287533, "average_precision_score": 0.5344817150932142, "calibration_error": 0.03572544793811023}, "subjects_equally_weighted": {"binary_accuracy": 0.8896483033383706, "f1_score": 0.2095940959409594, "roc_auc_score": 0.7517075530119219, "average_precision_score": 0.37644944659552493, "calibration_error": 0.05419465802934858}}, "version": "0.0.12.dev58+gd29f5f0"}
