{"dataset": "MIMIC-IV", "task": "abnormal_lab/cbc/anemia/first_24h", "model": "meds_tab/tiny", "timestamp": "2025-10-17T17:49:30.408849+00:00", "result": {"samples_equally_weighted": {"binary_accuracy": 0.6593511450381679, "f1_score": 0.7411167512690355, "roc_auc_score": 0.7224700356141368, "average_precision_score": 0.8232505191599611, "calibration_error": 0.0666700065127357}, "subjects_equally_weighted": {"binary_accuracy": 0.6602129719264279, "f1_score": 0.7437956204379562, "roc_auc_score": 0.7199006542779118, "average_precision_score": 0.8255185001164502, "calibration_error": 0.06857134855662728}}, "version": "0.0.15.dev5+g14303bc87"}
