{"dataset": "MIMIC-IV", "task": "readmission/general_hospital/30d", "model": "genhpf", "timestamp": "2025-03-11T07:36:45.393041+00:00", "result": {"samples_equally_weighted": {"binary_accuracy": 0.7426900584795322, "f1_score": 0.27040816326530615, "roc_auc_score": 0.7238783080398268, "average_precision_score": 0.4726428343809015, "calibration_error": 0.09805585710609886}, "subjects_equally_weighted": {"binary_accuracy": 0.8789986091794159, "f1_score": 0.21621621621621623, "roc_auc_score": 0.7083373491790099, "average_precision_score": 0.29273838173864397, "calibration_error": 0.131226071181115}}, "version": "0.0.12.dev58+gd29f5f0"}
